{"cameraMode":{"drawMode":0,"name":"Shaded","section":"Shading Mode"},"sceneLighting":true,"audioPlay":false,"sceneViewState":{"showFog":true,"showMaterialUpdate":false,"showSkybox":true,"showFlares":true,"showImageEffects":true,"showParticleSystems":true},"in2DMode":false,"pivot":{"x":2.1785449981689455,"y":-5.126134395599365,"z":7.3352179527282719},"rotation":{"x":-0.271695613861084,"y":-0.3232666552066803,"z":0.09745640307664871,"w":-0.9012221693992615},"size":10.973186492919922,"orthographic":false}